{"properties": [
  {
    "name": "DONOR-MS.ribbon.eureka.enabled",
    "type": "java.lang.String",
    "description": "A description for 'DONOR-MS.ribbon.eureka.enabled'"
  },
  {
    "name": "DONOR-MS.ribbon.listOfServers",
    "type": "java.lang.String",
    "description": "A description for 'DONOR-MS.ribbon.listOfServers'"
  },
  {
    "name": "DONOR-MS.ribbon.ServerListRefreshInterval",
    "type": "java.lang.String",
    "description": "A description for 'DONOR-MS.ribbon.ServerListRefreshInterval'"
  },
  {
    "name": "DOCTOR-MS.ribbon.eureka.enabled",
    "type": "java.lang.String",
    "description": "A description for 'DOCTOR-MS.ribbon.eureka.enabled'"
  },
  {
    "name": "DOCTOR-MS.ribbon.listOfServers",
    "type": "java.lang.String",
    "description": "A description for 'DOCTOR-MS.ribbon.listOfServers'"
  },
  {
    "name": "DOCTOR-MS.ribbon.ServerListRefreshInterval",
    "type": "java.lang.String",
    "description": "A description for 'DOCTOR-MS.ribbon.ServerListRefreshInterval'"
  }
]}